id,name,address,status,latitude,longitude
WIFI-1,MEL-0001,Docklands Dr (South),FUTURE,-37.814671,144.938586
WIFI-2,MEL-0008,Victor Habour Prom,FUTURE,-37.815686,144.939954
WIFI-3,MEL-0051,Elizabeth St & Bourke St,UP,-37.814409,144.963048
WIFI-4,MEL-0083,179 Collins Street,UP,-37.815209,144.967911
WIFI-5,MEL-0203,Queens Bridge,UP,-37.821666,144.961152
WIFI-6,MEL-0246,King St,UP,-37.811853,144.953493
WIFI-7,MEL-0283,201 Russell Street,UP,-37.811786,144.967491
WIFI-8,MEL-0301,S/E Corner Lonsdale And Exhibition Streets,FUTURE,-37.810176,144.969844
WIFI-9,MEL-0372,Collins St,UP,-37.818856,144.954272
WIFI-10,MEL-0377,Docklands Dr (North),FUTURE,-37.814173,144.938991
WIFI-11,MEL-0403,La Trobe St,UP,-37.812228,144.954318
WIFI-12,MEL-0454,Se  Corner Of Swanston St And Pelham St,UP,-37.8026559,144.963798
WIFI-13,MEL-0726,Exhibition St,FUTURE,-37.808624,144.968855
WIFI-14,MEL-1002,Sw Corner Flinders Lane & Elizabeth Street ,UP,-37.8153517,144.963528
WIFI-15,MEL-1004,40 -50 Queen St,UP,-37.8176755,144.962072
WIFI-16,MEL-1009,233 Collins Street ,FUTURE,-37.8157655,144.965997
WIFI-17,MEL-1012,Oustide 1 Collins Street ,FUTURE,-37.8134902,144.973724
WIFI-18,MEL-1023,Opposite 48 Nicholson Street ,UP,-37.8055503,144.973469
WIFI-19,MEL-0014,Harbour Esp,UP,-37.814895,144.944722
WIFI-20,MEL-0015,Corner Of Harbour And Latrobe St,UP,-37.815059,144.94542
WIFI-21,MEL-0016,Latrobe St,UP,-37.814718,144.946493
WIFI-22,MEL-0017,Harbour Esp,UP,-37.816378,144.945281
WIFI-23,MEL-0022,S/W Corner Of Latrobe And Spencer St,UP,-37.81332,144.951311
WIFI-24,MEL-0025,Spencer St,UP,-37.815947,144.952891
WIFI-25,MEL-0026,Spencer St & Bourke St,UP,-37.817134,144.953501
WIFI-26,MEL-0028,Bourke St,UP,-37.816502,144.955676
WIFI-27,MEL-0029,King St,UP,-37.815934,144.955639
WIFI-28,MEL-0030,King St,UP,-37.814768,144.955139
WIFI-29,MEL-0031,Lt Collins St & King St,UP,-37.817415,144.956375
WIFI-30,MEL-0035,Bourke St,UP,-37.816143,144.956987
WIFI-31,MEL-0037,William St,UP,-37.815144,144.958134
WIFI-32,MEL-0038,Se Corner Of Bourke St & William St,UP,-37.815699,144.95846
WIFI-33,MEL-0042,Bourke St,UP,-37.815411,144.958768
WIFI-34,MEL-0044,Lt Collins St,UP,-37.816213,144.960344
WIFI-35,MEL-0045,Lt Collins St,UP,-37.816099,144.960778
WIFI-36,MEL-0046,Se Corner Of Little Collins St & Queen St,UP,-37.816019,144.961351
WIFI-37,MEL-0053,Bourke St,UP,-37.814468,144.962738
WIFI-38,MEL-0054,Bourke St,UP,-37.814734,144.961816
WIFI-39,MEL-0058,Nw Corner Of Little Bourke St & Queen St (200 Queen St),UP,-37.813782,144.960304
WIFI-40,MEL-0059,Queen,UP,-37.813089,144.959984
WIFI-41,MEL-0060,S/E Corner Of William St & Lonsdale St,UP,-37.813863,144.957192
WIFI-42,MEL-0061,Collins St,UP,-37.816714,144.962148
WIFI-43,MEL-0065,Elizabeth St,UP,-37.814681,144.963479
WIFI-44,MEL-0075,Sw Corner Of Bourke St & Swanston St,UP,-37.813614,144.965584
WIFI-45,MEL-0082,Collins St,UP,-37.815468,144.966937
WIFI-46,MEL-0084,Collins St,UP,-37.815978,144.965116
WIFI-47,MEL-0085,Collins St & Elizabeth St,UP,-37.816294,144.964226
WIFI-48,MEL-0095,Corner Of Russell St & Flinders Lane,UP,-37.81561,144.969535
WIFI-49,MEL-0097,S/W Corner Of Collins St And Russell Street,UP,-37.814953,144.968807
WIFI-50,MEL-0099,Russell St,UP,-37.813962,144.968775
WIFI-51,MEL-0103,101 Collins Street,UP,-37.814217,144.970567
WIFI-52,MEL-0105,Se Corner Flinders St  & Malthouse Lane,UP,-37.8151404,144.971708
WIFI-53,MEL-0106,Exhibition St,UP,-37.815076,144.972081
WIFI-54,MEL-0108,20-66 Flinders Lane,UP,-37.814562,144.973317
WIFI-55,MEL-0115,Flinders,UP,-37.816775,144.970184
WIFI-56,MEL-0117,Wellington Pde,UP,-37.81513,144.975026
WIFI-57,MEL-0119,Wellington Pde,UP,-37.815427,144.977637
WIFI-58,MEL-0121,Wellington Pde,UP,-37.81563,144.979364
WIFI-59,MEL-0124,Spring St,UP,-37.812335,144.973641
WIFI-60,MEL-0129,Sw Corner Of Treasury Place And Lansdwone St,UP,-37.812699,144.977701
WIFI-61,MEL-0133,Spring St (Outside Parliament),UP,-37.811925,144.973163
WIFI-62,MEL-0134,2 Bourke St,UP,-37.811324,144.972807
WIFI-63,MEL-0137,Little Bourke St,UP,-37.810295,144.97242
WIFI-64,MEL-0146,N/W Corner Of Spring Street And Londsdale Street,UP,-37.809353,144.971893
WIFI-65,MEL-0179,Wellington Pde & Clarendon St,UP,-37.815943,144.98243
WIFI-66,MEL-0182,Clarendon St,UP,-37.811794,144.983185
WIFI-67,MEL-0201,Queens Bridge,UP,-37.820958,144.96126
WIFI-68,MEL-0204,Ne Corner Flinders & Market St,UP,-37.819132,144.961154
WIFI-69,MEL-0207,332 Flinders Street,UP,-37.81843,144.963732
WIFI-70,MEL-0213,Flinders St,UP,-37.819637,144.959518
WIFI-71,MEL-0214,Flinders St,UP,-37.820534,144.956431
WIFI-72,MEL-0215,Flinders St,UP,-37.820415,144.9578
WIFI-73,MEL-0216,Flinders St,UP,-37.820882,144.956091
WIFI-74,MEL-0228,Nw Corner Spencer St & Flinders St,UP,-37.820879,144.954746
WIFI-75,MEL-0231,Harbour Esp (East),UP,-37.818812,144.946872
WIFI-76,MEL-0232,Spencer St,UP,-37.819223,144.954102
WIFI-77,MEL-0242,Harbour Esp,UP,-37.81788,144.945935
WIFI-78,MEL-0244,La Trobe St,UP,-37.812333,144.953712
WIFI-79,MEL-0249,Corner Of Singer Ln & Latrobe St,UP,-37.811443,144.957115
WIFI-80,MEL-0251,William St,UP,-37.810629,144.955758
WIFI-81,MEL-0252,William St,UP,-37.809962,144.955466
WIFI-82,MEL-0256,Peel St-Qvicmarketshede,UP,-37.806834,144.955983
WIFI-83,MEL-0259,Latrobe St,UP,-37.810454,144.960476
WIFI-84,MEL-0260,Sw Corner Of Latrobe St & Elizabeth St,UP,-37.810463,144.961233
WIFI-85,MEL-0261,Elizabeth St,UP,-37.810831,144.961467
WIFI-86,MEL-0262,Elizabeth St,UP,-37.811543,144.961797
WIFI-87,MEL-0264,435-437 Elizabeth St,UP,-37.808768,144.960482
WIFI-88,MEL-0265,473-481 Elizabeth Street,UP,-37.807741,144.960053
WIFI-89,MEL-0268,Swanston St,UP,-37.809015,144.963439
WIFI-90,MEL-0277,Elizabeth & Lonsdale St,UP,-37.812155,144.962079
WIFI-91,MEL-0281,Lonsdale St,UP,-37.811368,144.965792
WIFI-92,MEL-0285,141 Lonsdale Street,UP,-37.810634,144.968269
WIFI-93,MEL-0287,La Trobe St,UP,-37.808823,144.966787
WIFI-94,MEL-0294,Elizabeth St,UP,-37.804472,144.958548
WIFI-95,MEL-0298,Swanston St,UP,-37.802139,144.963801
WIFI-96,MEL-0302,Lonsdale St,UP,-37.809829,144.970208
WIFI-97,MEL-0306,Bourke St & Exhibition St,UP,-37.812117,144.970777
WIFI-98,MEL-0307,59-69 Bourke St,UP,-37.811909,144.971453
WIFI-99,MEL-0309,Outside 109 Little Collins Street ,FUTURE,-37.8133229,144.970228
WIFI-100,MEL-0311,Bourke St,UP,-37.812558,144.969238
WIFI-101,MEL-0314,192 Flinders Street,UP,-37.816839,144.9692
WIFI-102,MEL-0315,Se Corner  Swanston & Flinders,UP,-37.8176424,144.967639
WIFI-103,MEL-0319,Flinders,UP,-37.817997,144.965041
WIFI-104,MEL-0320,Elizabeth St,UP,-37.817552,144.964837
WIFI-105,MEL-0321,Elizabeth St,UP,-37.817014,144.964575
WIFI-106,MEL-0328,Collins St & Queen,UP,-37.816925,144.961806
WIFI-107,MEL-0330,45-55 William St (Ajs Terrace),UP,-37.818124,144.959207
WIFI-108,MEL-0331,Collins St,UP,-37.817457,144.960069
WIFI-109,MEL-0333,William St,UP,-37.81865,144.959445
WIFI-110,MEL-0335,Sw Corner Of Collins St & King St,UP,-37.818623,144.956661
WIFI-111,MEL-0337,Se Corner King St & Little Bourke St,UP,-37.815439,144.955425
WIFI-112,MEL-0338,187-197 Elizabeth St,UP,-37.813783,144.962826
WIFI-113,MEL-0339,215-217 Elizabeth St,UP,-37.813431,144.962668
WIFI-114,MEL-0341,30 Flinders Street,UP,-37.815264,144.97453
WIFI-115,MEL-0342,1 Macarthur Street,UP,-37.812223,144.974559
WIFI-116,MEL-0343,Spring St,UP,-37.810835,144.972687
WIFI-117,MEL-0344,Macarther Street,UP,-37.809657,144.975525
WIFI-118,MEL-0347,Corner William St & Latrobe St,UP,-37.811925,144.956338
WIFI-119,MEL-0350,Ne Corner Of Peel St And Victoria St (308 Victoria St),UP,-37.805804,144.956199
WIFI-120,MEL-0351,222 Exhibition St,UP,-37.810983,144.970184
WIFI-121,MEL-0352,15 Southern Cross Lane (113-149 Bourke St),UP,-37.812335,144.969875
WIFI-122,MEL-0353,Elizabeth St,UP,-37.816768,144.96446
WIFI-123,MEL-0354,Se Corner Collins St & William,UP,-37.817655,144.959385
WIFI-124,MEL-0360,Ne Corner Of Albert St And Gisbourne St (430 Albert St),UP,-37.8095355,144.975958
WIFI-125,MEL-0362,624-628 Bourke Street,UP,-37.816571,144.954649
WIFI-126,MEL-0363,Bourke St,UP,-37.816093,144.957206
WIFI-127,MEL-0365,Bourke St,UP,-37.815177,144.960264
WIFI-128,MEL-0366,Bourke St,UP,-37.814623,144.962257
WIFI-129,MEL-0369,Clarendon St,UP,-37.822407,144.955842
WIFI-130,MEL-0370,Clarendon St,UP,-37.824018,144.956606
WIFI-131,MEL-0375,45 Collins St,UP,-37.8138488,144.972526
WIFI-132,MEL-0376,S/W Corner Of Collins St And Exhibition St,UP,-37.814,144.9719
WIFI-133,MEL-0379,489 Elizabeth St,UP,-37.80733845,144.9599818
WIFI-134,MEL-0382,Elizabeth St,UP,-37.8049716,144.958778
WIFI-135,MEL-0385,261 Elizabeth St,UP,-37.81268,144.962319
WIFI-136,MEL-0386,Elizabeth St,UP,-37.8156916,144.963976
WIFI-137,MEL-0388,Nw Corner Of Elizabeth St And A'Beckett St (415 Elizabeth St),UP,-37.809144,144.960696
WIFI-138,MEL-0389,Exhibition St,UP,-37.8104294,144.970014
WIFI-139,MEL-0392,172 Flinders Street,UP,-37.817054,144.968425
WIFI-140,MEL-0394,Flinders,UP,-37.8166846,144.97054
WIFI-141,MEL-0395,Flinders,UP,-37.816093,144.971761
WIFI-142,MEL-0396,Market St,UP,-37.818443,144.960569
WIFI-143,MEL-0397,Flinders St,UP,-37.819536,144.960664
WIFI-144,MEL-0398,Harbour Esp,UP,-37.814296,144.944514
WIFI-145,MEL-0399,Harbour Esp,UP,-37.81688,144.945504
WIFI-146,MEL-0400,Harbour Esp,UP,-37.817379,144.94572
WIFI-147,MEL-0405,La Trobe St,UP,-37.808868,144.965864
WIFI-148,MEL-0406,La Trobe St,UP,-37.8086473,144.967244
WIFI-149,MEL-0407,Landsdowne,UP,-37.813265,144.977615
WIFI-150,MEL-0408,Landsdowne,UP,-37.81222,144.977778
WIFI-151,MEL-0409,Latrobe St,UP,-37.814304,144.946959
WIFI-152,MEL-0412,Lonsdale St,UP,-37.811467,144.965352
WIFI-153,MEL-0414,Lonsdale St,UP,-37.812027,144.962723
WIFI-154,MEL-0415,Opposite 29-31 Market St,UP,-37.8187224,144.960908
WIFI-155,MEL-0418,Peel St-Qvicmarketshedk ,UP,-37.8073606,144.955833
WIFI-156,MEL-0419,Peel St-Qvicmarketshedc�   ,UP,-37.8064983,144.955995
WIFI-157,MEL-0420,113-117 Peel St,UP,-37.805316,144.955884
WIFI-158,MEL-0421,160 Queen Street ,UP,-37.8148046,144.960754
WIFI-159,MEL-0430,Russell St,UP,-37.812126,144.967701
WIFI-160,MEL-0432,La Trobe St,UP,-37.809435,144.963961
WIFI-161,MEL-0433,Spencer St,UP,-37.813555,144.951726
WIFI-162,MEL-0434,Spencer St,UP,-37.814191,144.95207
WIFI-163,MEL-0435,Spencer St,UP,-37.815524,144.952694
WIFI-164,MEL-0436,Spencer St,UP,-37.81664,144.952918
WIFI-165,MEL-0437,Spencer St,UP,-37.817879,144.953734
WIFI-166,MEL-0438,Spencer St,UP,-37.818579,144.953995
WIFI-167,MEL-0439,Spencer St,UP,-37.819609,144.954247
WIFI-168,MEL-0440,Spencer St,UP,-37.820309,144.954859
WIFI-169,MEL-0451,Ne Corner Of Swanston St And Victoria St,UP,-37.8065478,144.963142
WIFI-170,MEL-0452,Swanston St,UP,-37.805656,144.963247
WIFI-171,MEL-0453,Swanston St,UP,-37.8044896,144.963448
WIFI-172,MEL-0459,Wellington Pde,UP,-37.815712,144.980167
WIFI-173,MEL-0461,William St,UP,-37.816322,144.95841
WIFI-174,MEL-0462,William St,UP,-37.814924,144.958063
WIFI-175,MEL-0463,William St,UP,-37.81417,144.957367
WIFI-176,MEL-0464,William St,UP,-37.813254,144.957287
WIFI-177,MEL-0465,William St,UP,-37.81194,144.956663
WIFI-178,MEL-0466,William St,UP,-37.811343,144.956297
WIFI-179,MEL-0467,William St,UP,-37.8094918,144.955461
WIFI-180,MEL-0469,Clarendon St,UP,-37.823643,144.956069
WIFI-181,MEL-0470,Peel St-Qvicmarketsheda�,UP,-37.80601,144.956085
WIFI-182,MEL-0500,Parliament Station - Ml_Platform 1 & 2,UP,-37.8122331,144.9742191
WIFI-183,MEL-0501,Parliament Station - Ml_Platform 1 & 2,UP,-37.8120871,144.9740154
WIFI-184,MEL-0502,Parliament Station - Ml_Platform 1 & 2,UP,-37.8111336,144.973527
WIFI-185,MEL-0503,Parliament Station - Ml_Platform 1 & 2,UP,-37.8106759,144.9734961
WIFI-186,MEL-0504,Parliament Station - Ml_Platform 1 & 2,UP,-37.81082,144.9731219
WIFI-187,MEL-0505,Parliament Station - Ml_Platform 1 & 2,UP,-37.8114134,144.9734041
WIFI-188,MEL-0506,Parliament Station - Ml_Platform 1 & 2,UP,-37.8113201,144.9737185
WIFI-189,MEL-0507,Parliament Station - Ml_Platform 1 & 2,UP,-37.8118668,144.9739411
WIFI-190,MEL-0508,Parliament Station - Ml_Platform 3 & 4,UP,-37.8116888,144.9735776
WIFI-191,MEL-0509,Parliament Station - Ml_Platform 3 & 4,UP,-37.8110404,144.9733053
WIFI-192,MEL-0510,Parliament Station - Ml_Platform 3 & 4,UP,-37.8115998,144.9739161
WIFI-193,MEL-0511,Parliament Station - Ml_Platform 3 & 4,UP,-37.8106308,144.9733072
WIFI-194,MEL-0512,Parliament Station - Ml_Platform 3 & 4,UP,-37.8103923,144.97301
WIFI-195,MEL-0513,Parliament Station - Ml_Platform 3 & 4,UP,-37.8114506,144.9736558
WIFI-196,MEL-0514,Parliament Station - Ml_Platform 3 & 4,UP,-37.8102755,144.9733339
WIFI-197,MEL-0515,Parliament Station - Ml_Platform 3 & 4,UP,-37.81095,144.9736343
WIFI-198,MEL-0516,Parliament Station - Ml_ North Concourse,UP,-37.8097984,144.972481
WIFI-199,MEL-0517,Parliament Station - Ml_South Concourse,UP,-37.8122049,144.9736933
WIFI-200,MEL-0518,Parliament Station - Ml_South Concourse,UP,-37.8123645,144.9738435
WIFI-201,MEL-0519,Flagstaff Station - Ml_Platform 3 & 4,UP,-37.812215,144.954093
WIFI-202,MEL-0520,Flagstaff Station - Ml_Platform 3 & 4,UP,-37.812135,144.954378
WIFI-203,MEL-0521,Flagstaff Station - Ml_Platform 3 & 4,UP,-37.812058,144.954635
WIFI-204,MEL-0522,Flagstaff Station - Ml_Platform 3 & 4,UP,-37.811969,144.955032
WIFI-205,MEL-0523,Flagstaff Station - Ml_Platform 3 & 4,UP,-37.811855,144.95537
WIFI-206,MEL-0524,Flagstaff Station - Ml_Platform 3 & 4,UP,-37.811774,144.955762
WIFI-207,MEL-0525,Flagstaff Station - Ml_Platform 3 & 4,UP,-37.811673,144.956116
WIFI-208,MEL-0526,Flagstaff Station - Ml_Platform 3 & 4,UP,-37.811927,144.956261
WIFI-209,MEL-0527,Flagstaff Station - Ml_Platform 1 & 2,UP,-37.812037,144.955939
WIFI-210,MEL-0528,Flagstaff Station - Ml_Platform 1 & 2,UP,-37.812179,144.955499
WIFI-211,MEL-0529,Flagstaff Station - Ml_Platform 1 & 2,UP,-37.812245,144.955199
WIFI-212,MEL-0530,Flagstaff Station - Ml_Platform 1 & 2,UP,-37.812308,144.954469
WIFI-213,MEL-0531,Flagstaff Station - Ml_Platform 1 & 2,UP,-37.812215,144.95478
WIFI-214,MEL-0532,Flagstaff Station - Ml_Platform 1 & 2,UP,-37.812071,144.955231
WIFI-215,MEL-0533,Flagstaff Station - Ml_Platform 1 & 2,UP,-37.811978,144.955633
WIFI-216,MEL-0534,Flagstaff Station - Ml_Platform 1 & 2,UP,-37.811851,144.956025
WIFI-217,MEL-0535,Flagstaff Station - Ml_Concourse Area ,UP,-37.812139,144.956132
WIFI-218,MEL-0536,Flagstaff Station - Ml_Concourse Area ,UP,-37.812266,144.956186
WIFI-219,MEL-0537,Flagstaff Station - Ml_Concourse Area ,UP,-37.812338,144.956089
WIFI-220,MEL-0538,Melbourne Central Station - Ml_Platform 3 & 4,UP,-37.810391,144.961899
WIFI-221,MEL-0539,Melbourne Central Station - Ml_Platform 3 & 4,UP,-37.810348,144.962113
WIFI-222,MEL-0540,Melbourne Central Station - Ml_Platform 3 & 4,UP,-37.810315,144.962269
WIFI-223,MEL-0541,Melbourne Central Station - Ml_Platform 3 & 4,UP,-37.810288,144.962434
WIFI-224,MEL-0542,Melbourne Central Station - Ml_Platform 3 & 4,UP,-37.810216,144.962652
WIFI-225,MEL-0543,Melbourne Central Station - Ml_Platform 3 & 4,UP,-37.810168,144.962788
WIFI-226,MEL-0544,Melbourne Central Station - Ml_Platform 3 & 4,UP,-37.810089,144.963013
WIFI-227,MEL-0545,Melbourne Central Station - Ml_Platform 3 & 4,UP,-37.810024,144.963224
WIFI-228,MEL-0546,Melbourne Central Station - Ml_Platform 1 & 2,UP,-37.809968,144.963197
WIFI-229,MEL-0547,Melbourne Central Station - Ml_Platform 1 & 2,UP,-37.810027,144.962976
WIFI-230,MEL-0548,Melbourne Central Station - Ml_Platform 1 & 2,UP,-37.81008,144.962801
WIFI-231,MEL-0549,Melbourne Central Station - Ml_Platform 1 & 2,UP,-37.810191,144.962556
WIFI-232,MEL-0550,Melbourne Central Station - Ml_Platform 1 & 2,UP,-37.8102,144.962407
WIFI-233,MEL-0551,Melbourne Central Station - Ml_Platform 1 & 2,UP,-37.810257,144.962195
WIFI-234,MEL-0552,Melbourne Central Station - Ml_Platform 1 & 2,UP,-37.81028,144.962072
WIFI-235,MEL-0553,Melbourne Central Station - Ml_Platform 1 & 2,UP,-37.810289,144.96194
WIFI-236,MEL-0554,Melbourne Central Station - Ml_Concourse Area,UP,-37.810115,144.962681
WIFI-237,MEL-0555,Melbourne Central Station - Ml_Concourse Area,UP,-37.810157,144.962685
WIFI-238,MEL-0556,Melbourne Central Station - Ml_Concourse Area,UP,-37.810171,144.962489
WIFI-239,MEL-0557,Melbourne Central Station - Ml_Concourse Area,UP,-37.810219,144.962478
WIFI-240,MEL-0558,Melbourne Central Station - Ml_Concourse Area,UP,-37.81021,144.96236
WIFI-241,MEL-0559,Southern Cross Station - Scs_Platform,UP,-37.818651,144.951837
WIFI-242,MEL-0560,Southern Cross Station - Scs_Platform,UP,-37.817999,144.951258
WIFI-243,MEL-0561,Southern Cross Station - Scs_Platform,UP,-37.818503,144.951896
WIFI-244,MEL-0562,Southern Cross Station - Scs_Platform,UP,-37.817969,144.951483
WIFI-245,MEL-0563,Southern Cross Station - Scs_Platform,UP,-37.818422,144.952207
WIFI-246,MEL-0564,Southern Cross Station - Scs_Platform,UP,-37.817914,144.951751
WIFI-247,MEL-0565,Southern Cross Station - Scs_Platform,UP,-37.818363,144.952395
WIFI-248,MEL-0566,Southern Cross Station - Scs_Platform,UP,-37.817799,144.95195
WIFI-249,MEL-0567,Southern Cross Station - Scs_Platform,UP,-37.818198,144.952513
WIFI-250,MEL-0568,Southern Cross Station - Scs_Platform,UP,-37.817651,144.952089
WIFI-251,MEL-0569,Southern Cross Station - Scs_Platform,UP,-37.817994,144.952803
WIFI-252,MEL-0570,Southern Cross Station - Scs_Platform,UP,-37.817617,144.952534
WIFI-253,MEL-0571,Southern Cross Station - Scs_Concourse,UP,-37.816871,144.952669
WIFI-254,MEL-0572,Southern Cross Station - Scs_Concourse,UP,-37.818884,144.953382
WIFI-255,MEL-0573,Southern Cross Station - Scs_Concourse (Upstairs),UP,-37.818962,144.953353
WIFI-256,MEL-0574,Flinders Street Station - Ml_Platform1/2,UP,-37.819002,144.965653
WIFI-257,MEL-0575,Flinders Street Station - Ml_Platform1/2,UP,-37.818875,144.9663
WIFI-258,MEL-0576,Flinders Street Station - Ml_Platform1/2,UP,-37.818816,144.966675
WIFI-259,MEL-0577,Flinders Street Station - Ml_Platform3/4,UP,-37.818774,144.965997
WIFI-260,MEL-0578,Flinders Street Station - Ml_Platform3/4,UP,-37.81868,144.966439
WIFI-261,MEL-0579,Flinders Street Station - Ml_Platform3/4,UP,-37.818606,144.966775
WIFI-262,MEL-0580,Flinders Street Station - Ml_Platform5/6,UP,-37.818621,144.966034
WIFI-263,MEL-0581,Flinders Street Station - Ml_Platform5/6,UP,-37.818547,144.966404
WIFI-264,MEL-0582,Flinders Street Station - Ml_Platform5/6,UP,-37.818462,144.966705
WIFI-265,MEL-0583,Flinders Street Station - Ml_Platform7/8,UP,-37.818492,144.9659
WIFI-266,MEL-0584,Flinders Street Station - Ml_Platform7/8,UP,-37.818371,144.9663355
WIFI-267,MEL-0585,Flinders Street Station - Ml_Platform7/8,UP,-37.818286,144.966638
WIFI-268,MEL-0586,Flinders Street Station - Ml_Platform9/10,UP,-37.818363,144.965846
WIFI-269,MEL-0587,Flinders Street Station - Ml_Platform9/10,UP,-37.818265,144.966182
WIFI-270,MEL-0588,Flinders Street Station - Ml_Platform9/10,UP,-37.818155,144.966557
WIFI-271,MEL-0589,Flinders Street Station - Ml_Platform11/12,UP,-37.818015,144.966541
WIFI-272,MEL-0590,Flinders Street Station - Ml_Platform11/12,UP,-37.818138,144.966077
WIFI-273,MEL-0591,Flinders Street Station - Ml_Platform11/12,UP,-37.818312,144.965519
WIFI-274,MEL-0592,Flinders Street Station - Concourse,UP,-37.818496,144.967327
WIFI-275,MEL-0593,Flinders Street Station - Concourse,UP,-37.818106,144.967112
WIFI-276,MEL-0594,Melbourne Visitors Centre - Federation Square,UP,-37.817654,144.967807
WIFI-277,MEL-0595,Melbourne Visitors Centre - Federation Square,UP,-37.817633,144.968018
WIFI-278,MEL-0596,Queen Victoria Market Shed L,UP,-37.806363,144.957236
WIFI-279,MEL-0597,Queen Victoria Market Shed Rk/Rl,UP,-37.806518,144.957054
WIFI-280,MEL-0598,Queen Victoria Market Shed K,UP,-37.806732,144.957161
WIFI-281,MEL-0599,Queen Victoria Market Shed E,UP,-37.806884,144.956919
WIFI-282,MEL-0600,Queen Victoria Market Shed D,UP,-37.807113,144.957118
WIFI-283,MEL-0601,Queen Victoria Market Shed C,UP,-37.807226,144.956871
WIFI-284,MEL-0602,Queen Victoria Market Shed B,UP,-37.807476,144.956965
WIFI-285,MEL-0603,Queen Victoria Market Shed A,UP,-37.807695,144.956825
WIFI-286,MEL-0604,Queen Victoria Market Shed I,UP,-37.807165,144.958245
WIFI-287,MEL-0605,Bourke St Mall Tourist Info East,UP,-37.81389,144.964444
WIFI-288,MEL-0606,Bourke St Mall Tourist Info West,UP,-37.813916,144.964413
WIFI-289,MEL-0607,Bourke St Mall Tourist Info West,UP,-37.813942,144.964382
WIFI-290,MEL-0608,Bourke St Mall Tourist Info West,UP,-37.813968,144.964351
WIFI-291,MEL-0609,Mcec-Pole 1-South Wharf Promenade,UP,-37.8244315,144.954832
WIFI-292,MEL-0610,Mcec Pole 2-South Wharf Promenade,UP,-37.824188,144.954296
WIFI-293,MEL-0611,Mcec-Pole 3-South Wharf Promenade,UP,-37.824016,144.954277
WIFI-294,MEL-0612,Mcec-Pole 4-South Wharf Promenade,UP,-37.823912,144.954875
WIFI-295,MEL-0613,Mcec-Pole 5-South Wharf Promenade,UP,-37.823804,144.95539
WIFI-296,MEL-0614,Fitzroy Garden Visitor Centre North ,UP,-37.814856,144.979295
WIFI-297,MEL-0615,Fitzroy Garden Visitor Centre South,UP,-37.814939,144.979361
WIFI-298,MEL-0616,Fitzroy Garden Visitor Centre,UP,-37.815149,144.979291
WIFI-299,MEL-0617,Fitzroy Garden Visitor Centre,UP,-37.814976,144.979259
WIFI-300,MEL-0618,Southern Cross Station - Bourke St Footbridge,UP,-37.817667,144.951412
WIFI-301,MEL-0619,Southern Cross Station - Bourke St Footbridge,UP,-37.817602,144.951649
WIFI-302,MEL-0620,Southern Cross Station - Bourke St Footbridge,UP,-37.817542,144.951872
WIFI-303,MEL-0621,Southern Cross Station - Bourke St Footbridge,UP,-37.817467,144.952136
WIFI-304,MEL-0622,Southern Cross Station - Bourke St Footbridge,UP,-37.817389,144.952391
WIFI-305,MEL-0623,Southern Cross Station - Bourke St Footbridge,UP,-37.81728,144.952604
WIFI-306,MEL-0624,Southern Cross Station - Bourke St Footbridge,UP,-37.817275,144.95274
WIFI-307,MEL-0625,Southern Cross Station - Scs_Concourse,UP,-37.819072,144.953155
WIFI-308,MEL-0626,Southern Cross Station - Scs_Concourse,UP,-37.818987,144.95304
WIFI-309,MEL-0627,Southern Cross Station - Scs_Concourse,UP,-37.818953,144.953192
WIFI-310,MEL-0628,Southern Cross Station - Scs_Concourse,UP,-37.818864,144.95371
WIFI-311,MEL-0629,Southern Cross Station - Scs_Concourse,UP,-37.818807,144.95367
WIFI-312,MEL-0630,Southern Cross Station - Scs_Concourse,UP,-37.81853,144.953318
WIFI-313,MEL-0631,Southern Cross Station - Scs_Concourse,UP,-37.818258,144.953179
WIFI-314,MEL-0632,Southern Cross Station - Scs_Concourse,UP,-37.817621,144.95271
WIFI-315,MEL-0633,Southern Cross Station - Scs_Concourse,UP,-37.817871,144.95316
WIFI-316,MEL-0634,Southern Cross Station - Scs_Concourse,UP,-37.817676,144.952997
WIFI-317,MEL-0635,Southern Cross Station - Scs_Concourse,UP,-37.818987,144.95272
WIFI-318,MEL-0636,Southern Cross Station - Scs_Concourse,UP,-37.819028,144.952608
WIFI-319,MEL-0637,Southern Cross Station - Scs_Concourse,UP,-37.819057,144.952495
WIFI-320,MEL-0638,Southern Cross Station - Scs_Concourse,UP,-37.818854,144.953662
WIFI-321,MEL-0639,Flinders Street Station - Concourse,UP,-37.817848,144.967073
WIFI-322,MEL-0640,Flinders Street Station - Concourse,UP,-37.817954,144.967336
WIFI-323,MEL-0641,Flinders Street Station - Concourse,UP,-37.818005,144.967245
WIFI-324,MEL-0642,Flinders Street Station - Concourse,UP,-37.818521,144.96737
WIFI-325,MEL-0643,Flinders Street Station - Concourse,UP,-37.818336,144.967272
WIFI-326,MEL-0644,Flinders Street Station - Concourse,UP,-37.818181,144.967332
WIFI-327,MEL-0671,Flagstaff Station - Ml Entrance,UP,-37.811714,144.956102
WIFI-328,MEL-0677,Parliament Station - Entrance,UP,-37.812179,144.973877
WIFI-329,MEL-0678,Parliament Station - Entrance,UP,-37.811611,144.973025
WIFI-330,MEL-0679,Parliament Station - Entrance,UP,-37.809415,144.972688
WIFI-331,MEL-0680,Parliament Station - Entrance,UP,-37.809551,144.972315
WIFI-332,MEL-0714,Bourke St & Exhibition St,UP,-37.811973,144.970387
WIFI-333,MEL-0715,Exhibition St,UP,-37.812959,144.971049
WIFI-334,MEL-0716,Collins St,UP,-37.816283,144.963417
WIFI-335,MEL-0725,120 Collins St,UP,-37.814485,144.969561
WIFI-336,MEL-0727,265-275 Exhibition St,UP,-37.80935,144.969195
WIFI-337,MEL-0728,159 Lonsdale Street,UP,-37.810768,144.967855
WIFI-338,MEL-0729,Lonsdale St,UP,-37.810437,144.968193
WIFI-339,MEL-0730,Russell St & Mackenzie Street,UP,-37.807634,144.965902
WIFI-340,MEL-0733,La Trobe St,UP,-37.810823,144.960006
WIFI-341,MEL-0734,Bourke St,UP,-37.813161,144.967215
WIFI-342,MEL-0738,45 Exhibition St (Outside Collins Place),UP,-37.814747,144.971896
WIFI-343,MEL-0739,102 Exhibition Street,UP,-37.813594,144.971158
WIFI-344,MEL-0741,Queen St,FUTURE,-37.815791,144.960908
WIFI-345,MEL-0747,Abeckett,UP,-37.809425,144.960001
WIFI-346,MEL-0756,Market,UP,-37.818512,144.962156
WIFI-347,MEL-0761,Lonsdale St,UP,-37.812741,144.960298
WIFI-348,MEL-0762,Queen St,UP,-37.810597,144.958536
WIFI-349,MEL-0765,42-44 Lonsdale Street,UP,-37.809659,144.970915
WIFI-350,MEL-0766,Exhibition St,UP,-37.811655,144.970239
WIFI-351,MEL-0790,562-566 Little Bourke St Melbourne Vic 3000,UP,-37.815158,144.955702
WIFI-352,MEL-0800,Parliament Station - Ml_Platform 1 & 2,UP,-37.8119503,144.9736839
WIFI-353,MEL-0811,"164 Bourke St, Melbourne Vic 3000",UP,-37.8124967,144.968397
WIFI-354,MEL-0815,"99 Spring St, Melbourne",UP,-37.812528,144.973335
WIFI-355,MEL-0823,"360 Little Bourke St, Melbourne",UP,-37.81337,144.961967
WIFI-356,MEL-0826,"222 Bourke St,Melbourne",UP,-37.81306,144.96655
WIFI-357,MEL-0830,"196 Lt Collins St, Melbourne (Ch1)",UP,-37.8140587,144.9674619
WIFI-358,MEL-0842,"28-32 Southgate Ave, Southbank",UP,-37.820801,144.96761
WIFI-359,MEL-0860,Queen Victoria Market-Queen St,UP,-37.806358,144.958387
WIFI-360,MEL-0861,Queen Victoria Market-Queen St,UP,-37.806949,144.958277
WIFI-361,MEL-0863,"196 Lt Collins St, Melbourne (Ch1)",UP,-37.8141477,144.9671789
WIFI-362,MEL-0900,Melbourne Museum Plaza- Front Pole,UP,-37.80364,144.970148
WIFI-363,MEL-0901,Melbourne Museum Plaza- Front Pole,UP,-37.803741,144.970132
WIFI-364,MEL-0902,Melbourne Museum Plaza- Front Pole,UP,-37.80379,144.970561
WIFI-365,MEL-0903,Melbourne Museum Plaza- Front Pole,UP,-37.803843,144.97099
WIFI-366,MEL-0904,Melbourne Museum Plaza- Front Pole,UP,-37.803887,144.971511
WIFI-367,MEL-0905,Melbourne Museum Plaza- Front Pole,UP,-37.803919,144.971766
WIFI-368,MEL-0906,Melbourne Museum Plaza- Front Pole,UP,-37.803962,144.972181
WIFI-369,MEL-0907,Melbourne Museum Plaza- Front Pole,UP,-37.804008,144.972613
WIFI-370,MEL-0908,Melbourne Museum Plaza- Front Pole,UP,-37.804068,144.973203
WIFI-371,MEL-0909,Melbourne Museum Plaza- Front Pole,UP,-37.803968,144.973233
WIFI-372,MEL-1000,99  William St,UP,-37.8169995,144.958664
WIFI-373,MEL-1001,525 Flinders St,UP,-37.8205802,144.957177
WIFI-374,MEL-1003,Outside 376 Flinders Street,UP,-37.8190615,144.961594
WIFI-375,MEL-1005,Se Corner Latrobe And Queens Streets,UP,-37.811153,144.959103
WIFI-376,MEL-1006,Outside 399 Elizabeth Street ,UP,-37.8095134,144.960851
WIFI-377,MEL-1007,27-37 Russell St,UP,-37.8159811,144.969398
WIFI-378,MEL-1008,115 Russell Street,UP,-37.8136919,144.968349
WIFI-379,MEL-1010,200 La Trobe St,UP,-37.8096563,144.963221
WIFI-380,MEL-1011,Outside 51 Spring Street,UP,-37.8137547,144.97402
WIFI-381,MEL-1014,50 Bourke St,UP,-37.811675,144.971668
WIFI-382,MEL-1015,"8 Nicholson St,Melbourne",UP,-37.8085912,144.973215
WIFI-383,MEL-1016,Outside 489 Albert Street,UP,-37.8092406,144.973568
WIFI-384,MEL-1017,Carlton Gardens - Ne Corner Of La Trobe And Victoria St,UP,-37.8073609,144.970607
WIFI-385,MEL-1018,Corner Powlett Street & Wellington Parade,UP,-37.8162778,144.984938
WIFI-386,MEL-1019,176 Wellington Parade Melbourne,UP,-37.8161473,144.983932
WIFI-387,MEL-1020,Corner Elizabeth And Therry Streets,UP,-37.8069552,144.959954
WIFI-388,MEL-1021,Ne Corner Flinders And Spencer Streets ,UP,-37.8208833,144.955351
WIFI-389,MEL-1022,300 Lonsdale Street ,UP,-37.8118711,144.963309
WIFI-390,MEL-1024,Outside 288 Queen Street ,UP,-37.8118134,144.959404
WIFI-391,MEL-1025,Ne Corner Lonsdale And Russell Streets,UP,-37.8106571,144.967319
